path,bytes,sha256_at_start,category,issues,review
README.md,910,47a1ff9810465ad1543489b9f6b2a0ce195ca27f4e68c73038e78eb785916303,documentation or historical text,P0-02 P1-10 P1-12,完整閱讀兩段命令，確認實際入口是 dev OT server 和 bench_all，並追蹤預設 pipeline
artifacts/L12/gdfa.bin,64435860,not recorded for files >= 2 MB,GDFA binary,P0-01 P0-02 P1-02 P2-02,全部 body 串流重算 SHA256 與 trailer 一致，header/size 檢查完成。密碼學和語义問題見主報告
artifacts/L12/row_aids.bin,8948,866f19ac83ff89835b0a45b02a82630966445011c611b526a36b4771b25fba98,GDFA sidecar,P0-02 P1-01 P1-05 P2-02,已讀完整表並驗證長度、值域、row 數及 AID 分布。sidecar 公開與 build 綁定問題見主報告
artifacts/L12/row_alph.bin,572672,8ef6821b45cff8ddbecb426681ab28d2566fc0555676b6741ede2098adbf6114,GDFA sidecar,P0-02 P1-01 P1-05 P2-02,已讀完整表並驗證長度、值域、row 數及 AID 分布。sidecar 公開與 build 綁定問題見主報告
artifacts/L12/row_alph.json,18178,f02458b43a19d11fffe981ae2ae4dd07693cc14879f4055fb7b52cd9fa61c312,GDFA sidecar,P0-02 P1-01 P1-05 P2-02,已讀完整表並驗證長度、值域、row 數及 AID 分布。sidecar 公開與 build 綁定問題見主報告
artifacts/L128/gdfa.bin,1247703574,not recorded for files >= 2 MB,GDFA binary,P0-01 P0-02 P1-02 P2-02,全部 body 串流重算 SHA256 與 trailer 一致，header/size 檢查完成。密碼學和語义問題見主報告
artifacts/L128/row_aids.bin,102528,e90eb8604606932194aed7741ce530af3bbf246ff2cfc680d50e8d66b35acc93,GDFA sidecar,P0-02 P1-01 P1-05 P2-02,已讀完整表並驗證長度、值域、row 數及 AID 分布。sidecar 公開與 build 綁定問題見主報告
artifacts/L128/row_alph.bin,6561792,not recorded for files >= 2 MB,GDFA sidecar,P0-02 P1-01 P1-05 P2-02,已讀完整表並驗證長度、值域、row 數及 AID 分布。sidecar 公開與 build 綁定問題見主報告
artifacts/L128/row_alph.json,205543,2241deacca7c926974293850c04709d9b78dfd145ce82231cb472a32870b3dc1,GDFA sidecar,P0-02 P1-01 P1-05 P2-02,已讀完整表並驗證長度、值域、row 數及 AID 分布。sidecar 公開與 build 綁定問題見主報告
artifacts/L16/gdfa.bin,50831941,not recorded for files >= 2 MB,GDFA binary,P0-01 P0-02 P1-02 P2-02,全部 body 串流重算 SHA256 與 trailer 一致，header/size 檢查完成。密碼學和語义問題見主報告
artifacts/L16/row_aids.bin,12008,887e1160ccfa8b2c3d03cf58df604d0186785a4b6c181c55cd7810eb1b8da241,GDFA sidecar,P0-02 P1-01 P1-05 P2-02,已讀完整表並驗證長度、值域、row 數及 AID 分布。sidecar 公開與 build 綁定問題見主報告
artifacts/L16/row_alph.bin,768512,78360acb36c3fe3149b78d4f598c0439796c5e69ca450f4c445531d90ef63543,GDFA sidecar,P0-02 P1-01 P1-05 P2-02,已讀完整表並驗證長度、值域、row 數及 AID 分布。sidecar 公開與 build 綁定問題見主報告
artifacts/L16/row_alph.json,24303,b6a09c5e567f97e06e8eb71b2899a6efb37b7fd07431b0fb89ca86328bc29bad,GDFA sidecar,P0-02 P1-01 P1-05 P2-02,已讀完整表並驗證長度、值域、row 數及 AID 分布。sidecar 公開與 build 綁定問題見主報告
artifacts/L20/gdfa.bin,82111490,not recorded for files >= 2 MB,GDFA binary,P0-01 P0-02 P1-02 P2-02,全部 body 串流重算 SHA256 與 trailer 一致，header/size 檢查完成。密碼學和語义問題見主報告
artifacts/L20/row_aids.bin,15180,c73ab64ea51502b11d32f3ca2cff2e7a12c8e36f46dec5bd16efb33b014ee034,GDFA sidecar,P0-02 P1-01 P1-05 P2-02,已讀完整表並驗證長度、值域、row 數及 AID 分布。sidecar 公開與 build 綁定問題見主報告
artifacts/L20/row_alph.bin,971520,32cac10fa381ba8439900bd113d929ddc664023cc73e386e17743353dc5922b9,GDFA sidecar,P0-02 P1-01 P1-05 P2-02,已讀完整表並驗證長度、值域、row 數及 AID 分布。sidecar 公開與 build 綁定問題見主報告
artifacts/L20/row_alph.json,30443,be65aede18acf1ba894b8f926e201b7e90b2fab8297a1ab66d738197d927a36e,GDFA sidecar,P0-02 P1-01 P1-05 P2-02,已讀完整表並驗證長度、值域、row 數及 AID 分布。sidecar 公開與 build 綁定問題見主報告
artifacts/L24/gdfa.bin,24617398,not recorded for files >= 2 MB,GDFA binary,P0-01 P0-02 P1-02 P2-02,全部 body 串流重算 SHA256 與 trailer 一致，header/size 檢查完成。密碼學和語义問題見主報告
artifacts/L24/row_aids.bin,18192,b92d88247fe31ec92d89d28e2e123b83ecc5ffd243925d1da38a8381ae7bea61,GDFA sidecar,P0-02 P1-01 P1-05 P2-02,已讀完整表並驗證長度、值域、row 數及 AID 分布。sidecar 公開與 build 綁定問題見主報告
artifacts/L24/row_alph.bin,1164288,7cb7f4125aa6ec43a75fff560c70ace1f1b62590616098af29ccb279db75114f,GDFA sidecar,P0-02 P1-01 P1-05 P2-02,已讀完整表並驗證長度、值域、row 數及 AID 分布。sidecar 公開與 build 綁定問題見主報告
artifacts/L24/row_alph.json,36855,9bcc5d0078978becd73a24ec658fd2248b07a3b8d2437ff2625f664642885a11,GDFA sidecar,P0-02 P1-01 P1-05 P2-02,已讀完整表並驗證長度、值域、row 數及 AID 分布。sidecar 公開與 build 綁定問題見主報告
artifacts/L28/gdfa.bin,108646230,not recorded for files >= 2 MB,GDFA binary,P0-01 P0-02 P1-02 P2-02,全部 body 串流重算 SHA256 與 trailer 一致，header/size 檢查完成。密碼學和語义問題見主報告
artifacts/L28/row_aids.bin,21724,5b1f8c16c354101133be4d1703ebaf5f0674e84cd03d96f685436cbbd430aa31,GDFA sidecar,P0-02 P1-01 P1-05 P2-02,已讀完整表並驗證長度、值域、row 數及 AID 分布。sidecar 公開與 build 綁定問題見主報告
artifacts/L28/row_alph.bin,1390336,2e5d61a9a0e9b1bb1b4c424a83448fe0ef103e5dd658f06c500a89d38cbd37b5,GDFA sidecar,P0-02 P1-01 P1-05 P2-02,已讀完整表並驗證長度、值域、row 數及 AID 分布。sidecar 公開與 build 綁定問題見主報告
artifacts/L28/row_alph.json,43768,425f8bddc451c1b87c6b229d93e86050f5da333ae75f0a9ac3d6daae6ff5a22c,GDFA sidecar,P0-02 P1-01 P1-05 P2-02,已讀完整表並驗證長度、值域、row 數及 AID 分布。sidecar 公開與 build 綁定問題見主報告
artifacts/L32/gdfa.bin,312164677,not recorded for files >= 2 MB,GDFA binary,P0-01 P0-02 P1-02 P2-02,全部 body 串流重算 SHA256 與 trailer 一致，header/size 檢查完成。密碼學和語义問題見主報告
artifacts/L32/row_aids.bin,25652,f9cfb7cf37a52ea108f23c99f20426874151186801a2aadda47707bfa25574fd,GDFA sidecar,P0-02 P1-01 P1-05 P2-02,已讀完整表並驗證長度、值域、row 數及 AID 分布。sidecar 公開與 build 綁定問題見主報告
artifacts/L32/row_alph.bin,1641728,3bee8b6a3ccdd65e5fa3c47cfa07ac40f7eab9c212eb33fa4d296c7525684666,GDFA sidecar,P0-02 P1-01 P1-05 P2-02,已讀完整表並驗證長度、值域、row 數及 AID 分布。sidecar 公開與 build 綁定問題見主報告
artifacts/L32/row_alph.json,51787,d324fb29bb1f7d03189a7e2686ed278293c5569b8ea9de8b16ca0e9f2e6644df,GDFA sidecar,P0-02 P1-01 P1-05 P2-02,已讀完整表並驗證長度、值域、row 數及 AID 分布。sidecar 公開與 build 綁定問題見主報告
artifacts/L48/gdfa.bin,444891627,not recorded for files >= 2 MB,GDFA binary,P0-01 P0-02 P1-02 P2-02,全部 body 串流重算 SHA256 與 trailer 一致，header/size 檢查完成。密碼學和語义問題見主報告
artifacts/L48/row_aids.bin,38508,2884e93deafec288d65521c1fcd3050365f073a0dadbfde1688e6e34cd14d589,GDFA sidecar,P0-02 P1-01 P1-05 P2-02,已讀完整表並驗證長度、值域、row 數及 AID 分布。sidecar 公開與 build 綁定問題見主報告
artifacts/L48/row_alph.bin,2464512,not recorded for files >= 2 MB,GDFA sidecar,P0-02 P1-01 P1-05 P2-02,已讀完整表並驗證長度、值域、row 數及 AID 分布。sidecar 公開與 build 綁定問題見主報告
artifacts/L48/row_alph.json,77503,d7678b6eef674ec8495bb602bdfbb7db39150f91d19696fc4e76c63a5ed2e1b1,GDFA sidecar,P0-02 P1-01 P1-05 P2-02,已讀完整表並驗證長度、值域、row 數及 AID 分布。sidecar 公開與 build 綁定問題見主報告
artifacts/L64/gdfa.bin,624381784,not recorded for files >= 2 MB,GDFA binary,P0-01 P0-02 P1-02 P2-02,全部 body 串流重算 SHA256 與 trailer 一致，header/size 檢查完成。密碼學和語义問題見主報告
artifacts/L64/row_aids.bin,51308,7f019f682f751f43f1ab5071f5af4501c77c681a4d31cb46ab37907af34c148f,GDFA sidecar,P0-02 P1-01 P1-05 P2-02,已讀完整表並驗證長度、值域、row 數及 AID 分布。sidecar 公開與 build 綁定問題見主報告
artifacts/L64/row_alph.bin,3283712,not recorded for files >= 2 MB,GDFA sidecar,P0-02 P1-01 P1-05 P2-02,已讀完整表並驗證長度、值域、row 數及 AID 分布。sidecar 公開與 build 綁定問題見主報告
artifacts/L64/row_alph.json,102900,b6ea6ebf7a04913105e3a9eabce15b9b284868e04d86d47d2e24fd6c652ab8ca,GDFA sidecar,P0-02 P1-01 P1-05 P2-02,已讀完整表並驗證長度、值域、row 數及 AID 分布。sidecar 公開與 build 綁定問題見主報告
artifacts/L8/gdfa.bin,65575323,not recorded for files >= 2 MB,GDFA binary,P0-01 P0-02 P1-02 P2-02,全部 body 串流重算 SHA256 與 trailer 一致，header/size 檢查完成。密碼學和語义問題見主報告
artifacts/L8/row_aids.bin,5676,8dd0247baa20db3b479746a069d2707c668285f4ef944b264d51899bc1986481,GDFA sidecar,P0-02 P1-01 P1-05 P2-02,已讀完整表並驗證長度、值域、row 數及 AID 分布。sidecar 公開與 build 綁定問題見主報告
artifacts/L8/row_alph.bin,363264,0780b190c3d16aa993e3c02365cf01718a337d1ae421f1b04c758751c14f3898,GDFA sidecar,P0-02 P1-01 P1-05 P2-02,已讀完整表並驗證長度、值域、row 數及 AID 分布。sidecar 公開與 build 綁定問題見主報告
artifacts/L8/row_alph.json,11727,4aa17a07e6b90a9cb93964ffbf9bedb200c837b15a496ca99715de3428fa89fb,GDFA sidecar,P0-02 P1-01 P1-05 P2-02,已讀完整表並驗證長度、值域、row 數及 AID 分布。sidecar 公開與 build 綁定問題見主報告
artifacts/gdfa.bin,65575321,not recorded for files >= 2 MB,GDFA binary,P0-01 P0-02 P1-02 P2-02,全部 body 串流重算 SHA256 與 trailer 一致，header/size 檢查完成。密碼學和語义問題見主報告
artifacts/row_alph.bin,363264,0780b190c3d16aa993e3c02365cf01718a337d1ae421f1b04c758751c14f3898,GDFA sidecar,P0-02 P1-01 P1-05 P2-02,已讀完整表並驗證長度、值域、row 數及 AID 分布。sidecar 公開與 build 綁定問題見主報告
artifacts/row_alph.json,11727,4aa17a07e6b90a9cb93964ffbf9bedb200c837b15a496ca99715de3428fa89fb,GDFA sidecar,P0-02 P1-01 P1-05 P2-02,已讀完整表並驗證長度、值域、row 數及 AID 分布。sidecar 公開與 build 綁定問題見主報告
artifacts/small/gdfa.bin,25579,aafbafac3677b0f4cdd8ef50366523e594129a44cadba2209d8326e8b8a11872,GDFA binary,P0-01 P0-02 P1-02 P2-02,全部 body 串流重算 SHA256 與 trailer 一致，header/size 檢查完成。密碼學和語义問題見主報告
artifacts/small/row_aids.bin,88,c899cd48a96d8a56720fe0f157392da5392bafedac73b0cb122e7210cf244f41,GDFA sidecar,P0-02 P1-01 P1-05 P2-02,已讀完整表並驗證長度、值域、row 數及 AID 分布。sidecar 公開與 build 綁定問題見主報告
artifacts/small/row_alph.bin,5632,01891a6eddabaa4148064819d4f472f858c337c535ccd3f4546f8c8d1a237635,GDFA sidecar,P0-02 P1-01 P1-05 P2-02,已讀完整表並驗證長度、值域、row 數及 AID 分布。sidecar 公開與 build 綁定問題見主報告
artifacts/small/row_alph.json,248,7d2ef47b25823d0ec50b532329e0a9095080541a3acd33c1e40fcf82804f02ab,GDFA sidecar,P0-02 P1-01 P1-05 P2-02,已讀完整表並驗證長度、值域、row 數及 AID 分布。sidecar 公開與 build 綁定問題見主報告
configs/engine_init.json,360,a06bcaa60bb421d1445aa66955467975478ed243fc5df3efe14dc368847f1e6e,runtime configuration,P0-02 P1-10 P2-04,逐欄比對 init/chooser 參數和實際路径，未在報告輸出 master 值
configs/engine_init_L12.json,435,ee9e19bfb5c614608de86db2f83df77f8a0623a5d3c9a947acc64f7b2bfb10d5,runtime configuration,P0-02 P1-10 P2-04,逐欄比對 init/chooser 參數和實際路径，未在報告輸出 master 值
configs/engine_init_L128.json,437,8f5ef4a09f7b1ad890c1c68d6814fdc6c45db9ba33dece23d393e1b7626113da,runtime configuration,P0-02 P1-10 P2-04,逐欄比對 init/chooser 參數和實際路径，未在報告輸出 master 值
configs/engine_init_L16.json,435,7db340eac2c89751143a40e9c16c4644208511228c05a3bca4f79b8638e8ab1d,runtime configuration,P0-02 P1-10 P2-04,逐欄比對 init/chooser 參數和實際路径，未在報告輸出 master 值
configs/engine_init_L20.json,435,d759b9ca4159018a24d3b7c4ba7d129cbdd9063f2baa9b84e2f836c1faf2f950,runtime configuration,P0-02 P1-10 P2-04,逐欄比對 init/chooser 參數和實際路径，未在報告輸出 master 值
configs/engine_init_L24.json,435,0f8e138711efc6fb00d25799e0f10599daff3d93ae3aec31bb226e6104cece20,runtime configuration,P0-02 P1-10 P2-04,逐欄比對 init/chooser 參數和實際路径，未在報告輸出 master 值
configs/engine_init_L28.json,435,f090cdbf2da73963f8e304996576000e600d0e7de29e665c64388c4c49096359,runtime configuration,P0-02 P1-10 P2-04,逐欄比對 init/chooser 參數和實際路径，未在報告輸出 master 值
configs/engine_init_L32.json,435,13b707a330e5806c05fa6c7d34579fa3bcf5b9fd7e018510b3ca7dcd36e57496,runtime configuration,P0-02 P1-10 P2-04,逐欄比對 init/chooser 參數和實際路径，未在報告輸出 master 值
configs/engine_init_L48.json,435,3d8b3a8f45ffff3436a56b1b643ab924edc31edb67e8350322b8446e2e598910,runtime configuration,P0-02 P1-10 P2-04,逐欄比對 init/chooser 參數和實際路径，未在報告輸出 master 值
configs/engine_init_L64.json,435,ba9508cf78fda2eb791eb5a7ed352045c6e6a52668232b5a0b6d728966ccb42f,runtime configuration,P0-02 P1-10 P2-04,逐欄比對 init/chooser 參數和實際路径，未在報告輸出 master 值
configs/engine_init_L8.json,433,bbedcd54b68776492c366627f062350ac72c845bd564c7674cebec65a73bcb39,runtime configuration,P0-02 P1-10 P2-04,逐欄比對 init/chooser 參數和實際路径，未在報告輸出 master 值
configs/engine_init_small.json,439,c40d4c0f55f1f04c6f11ba5b5246e2a8295cf1ed7f2bf3ec4c8e5aba9f9d6fae,runtime configuration,P0-02 P1-10 P2-04,逐欄比對 init/chooser 參數和實際路径，未在報告輸出 master 值
gen_urls.py,444,93883c67478fe58d60265344c816f63e5f0b7778deaa71bb29e7464e3f078043,python source,P2-07,頂層執行就寫檔，固定 L8，輸出位置與 README dataset 路徑不同，只有正例且没有 ground truth 欄位
out/bench_pipeline/artifacts/gdfa.bin,66694092,not recorded for files >= 2 MB,GDFA binary,P0-01 P0-02 P1-02 P2-02,全部 body 串流重算 SHA256 與 trailer 一致，header/size 檢查完成。密碼學和語义問題見主報告
out/bench_pipeline/artifacts/row_aids.bin,6432,3bdbb8ffea602f289761453e7831375a412979f7e0d9732c894316485b93e12a,GDFA sidecar,P0-02 P1-01 P1-05 P2-02,已讀完整表並驗證長度、值域、row 數及 AID 分布。sidecar 公開與 build 綁定問題見主報告
out/bench_pipeline/artifacts/row_alph.bin,411648,11a9372625dcec27408b1e287fd17f716d42ab8e3f1e306c0183f0af06a119e2,GDFA sidecar,P0-02 P1-01 P1-05 P2-02,已讀完整表並驗證長度、值域、row 數及 AID 分布。sidecar 公開與 build 綁定問題見主報告
out/bench_pipeline/artifacts/row_alph.json,12943,5ecb5979845432a1c8b2c3f519f4af7f6703f97c7958a297b1c9ccc00bb8fa59,GDFA sidecar,P0-02 P1-01 P1-05 P2-02,已讀完整表並驗證長度、值域、row 數及 AID 分布。sidecar 公開與 build 綁定問題見主報告
out/bench_pipeline/bench_engine.csv,6088,6f59ccf344467e7ead6d100630c86cd41dae4c8da951f5195d3412f26837d2e6,historical benchmark,P1-12 P2-06,每一資料列已讀，全部 verdict NOMATCH，agree 欄均空
out/bench_pipeline/bench_ot_urls.txt,0,e3b0c44298fc1c149afbf4c8996fb92427ae41e4649b934ca495991b7852b855,documentation or historical text,P2-06 P2-07 P2-08,已讀全部 0 行，文件/清理輸出/診斷或歷史記錄，非獨立 protocol 實作
out/bench_pipeline/id_to_action.json,3695,904da43337e395918435123e66acab76fb8d723ee712e86d50aa68faf60d1917,historical JSON,P1-09 P2-06,完整解析 200 個 ID/action 項目，未證明與編譯後 ID 同源
out/bench_pipeline/pipeline_summary.json,1030,c2ad5784e021d396fbb20afc8d35fb64c5ec507be1f9815c42129adb35509050,historical JSON,P1-10 P1-12 P2-06,完整解析 pipeline summary，交叉比對路徑、參數、states 與 binary header，歷史絕對路徑已過時
out/bench_pipeline_L12/artifacts/gdfa.bin,4691339288,not recorded for files >= 2 MB,GDFA binary,P0-01 P0-02 P1-02 P2-02,全部 body 串流重算 SHA256 與 trailer 一致，header/size 檢查完成。密碼學和語义問題見主報告
out/bench_pipeline_L12/artifacts/row_aids.bin,8948,866f19ac83ff89835b0a45b02a82630966445011c611b526a36b4771b25fba98,GDFA sidecar,P0-02 P1-01 P1-05 P2-02,已讀完整表並驗證長度、值域、row 數及 AID 分布。sidecar 公開與 build 綁定問題見主報告
out/bench_pipeline_L12/artifacts/row_alph.bin,572672,8ef6821b45cff8ddbecb426681ab28d2566fc0555676b6741ede2098adbf6114,GDFA sidecar,P0-02 P1-01 P1-05 P2-02,已讀完整表並驗證長度、值域、row 數及 AID 分布。sidecar 公開與 build 綁定問題見主報告
out/bench_pipeline_L12/artifacts/row_alph.json,18178,f02458b43a19d11fffe981ae2ae4dd07693cc14879f4055fb7b52cd9fa61c312,GDFA sidecar,P0-02 P1-01 P1-05 P2-02,已讀完整表並驗證長度、值域、row 數及 AID 分布。sidecar 公開與 build 綁定問題見主報告
out/bench_pipeline_L12/bench_engine.csv,6178,0a0710cb7d19c037191bbc2451925f0a2988f424b82aa547f54679e218b6e5bc,historical benchmark,P1-12 P2-06,每一資料列已讀，全部 verdict NOMATCH，agree 欄均空
out/bench_pipeline_L12/bench_ot_urls.txt,5400,427c67cf362c361a1967e63d534ad237f4aadbb3eb5252bb0320b07316250125,documentation or historical text,P2-06 P2-07 P2-08,已讀全部 200 行，文件/清理輸出/診斷或歷史記錄，非獨立 protocol 實作
out/bench_pipeline_L12/bench_regex.csv,5978,ea04447149f09934940876bf9c9295022498afbb5b1438cf1e4dd00257ccffb0,historical benchmark,P1-12 P2-06,每一資料列已讀，全部 verdict NOMATCH，agree 欄均空
out/bench_pipeline_L12/id_to_action.json,3695,904da43337e395918435123e66acab76fb8d723ee712e86d50aa68faf60d1917,historical JSON,P1-09 P2-06,完整解析 200 個 ID/action 項目，未證明與編譯後 ID 同源
out/bench_pipeline_L12/pipeline_summary.json,1065,68156e50240fb1161d4563617bc384e449c5e75473ae2d9e2f9c7e16850cd23a,historical JSON,P1-10 P1-12 P2-06,完整解析 pipeline summary，交叉比對路徑、參數、states 與 binary header，歷史絕對路徑已過時
out/bench_pipeline_L128/artifacts/gdfa.bin,53754342937,not recorded for files >= 2 MB,GDFA binary,P0-01 P0-02 P1-02 P2-02,全部 body 串流重算 SHA256 與 trailer 一致，header/size 檢查完成。密碼學和語义問題見主報告
out/bench_pipeline_L128/artifacts/row_aids.bin,102528,e90eb8604606932194aed7741ce530af3bbf246ff2cfc680d50e8d66b35acc93,GDFA sidecar,P0-02 P1-01 P1-05 P2-02,已讀完整表並驗證長度、值域、row 數及 AID 分布。sidecar 公開與 build 綁定問題見主報告
out/bench_pipeline_L128/artifacts/row_alph.bin,6561792,not recorded for files >= 2 MB,GDFA sidecar,P0-02 P1-01 P1-05 P2-02,已讀完整表並驗證長度、值域、row 數及 AID 分布。sidecar 公開與 build 綁定問題見主報告
out/bench_pipeline_L128/artifacts/row_alph.json,205543,2241deacca7c926974293850c04709d9b78dfd145ce82231cb472a32870b3dc1,GDFA sidecar,P0-02 P1-01 P1-05 P2-02,已讀完整表並驗證長度、值域、row 數及 AID 分布。sidecar 公開與 build 綁定問題見主報告
out/bench_pipeline_L128/bench_engine.csv,6778,15f82b2a77c8456004399b8bed486aac0c4fda7f10661e0f6e2fa2d763fa3548,historical benchmark,P1-12 P2-06,每一資料列已讀，全部 verdict NOMATCH，agree 欄均空
out/bench_pipeline_L128/bench_ot_urls.txt,28600,20ea504afcfaa70e82ab7e6cdb4f156fe512107c6de8b09771763dd89386d823,documentation or historical text,P2-06 P2-07 P2-08,已讀全部 200 行，文件/清理輸出/診斷或歷史記錄，非獨立 protocol 實作
out/bench_pipeline_L128/bench_regex.csv,6178,0c221365ea69954644ffa4363b5c7a7959d7847e5d9cae3370d908f571e1b196,historical benchmark,P1-12 P2-06,每一資料列已讀，全部 verdict NOMATCH，agree 欄均空
out/bench_pipeline_L128/id_to_action.json,3695,904da43337e395918435123e66acab76fb8d723ee712e86d50aa68faf60d1917,historical JSON,P1-09 P2-06,完整解析 200 個 ID/action 項目，未證明與編譯後 ID 同源
out/bench_pipeline_L128/pipeline_summary.json,1067,41d3f0784731dd79927c655ab99ffba9bf6d2ecce8166fc90532f43288be9156,historical JSON,P1-10 P1-12 P2-06,完整解析 pipeline summary，交叉比對路徑、參數、states 與 binary header，歷史絕對路徑已過時
out/bench_pipeline_L16/artifacts/gdfa.bin,6295664393,not recorded for files >= 2 MB,GDFA binary,P0-01 P0-02 P1-02 P2-02,全部 body 串流重算 SHA256 與 trailer 一致，header/size 檢查完成。密碼學和語义問題見主報告
out/bench_pipeline_L16/artifacts/row_aids.bin,12008,887e1160ccfa8b2c3d03cf58df604d0186785a4b6c181c55cd7810eb1b8da241,GDFA sidecar,P0-02 P1-01 P1-05 P2-02,已讀完整表並驗證長度、值域、row 數及 AID 分布。sidecar 公開與 build 綁定問題見主報告
out/bench_pipeline_L16/artifacts/row_alph.bin,768512,78360acb36c3fe3149b78d4f598c0439796c5e69ca450f4c445531d90ef63543,GDFA sidecar,P0-02 P1-01 P1-05 P2-02,已讀完整表並驗證長度、值域、row 數及 AID 分布。sidecar 公開與 build 綁定問題見主報告
out/bench_pipeline_L16/artifacts/row_alph.json,24303,b6a09c5e567f97e06e8eb71b2899a6efb37b7fd07431b0fb89ca86328bc29bad,GDFA sidecar,P0-02 P1-01 P1-05 P2-02,已讀完整表並驗證長度、值域、row 數及 AID 分布。sidecar 公開與 build 綁定問題見主報告
out/bench_pipeline_L16/bench_engine.csv,6178,83b93d18ce36f1e5a5fd72fdbfcff0ee38dc79b353c76db15dd3c3c0a148c92b,historical benchmark,P1-12 P2-06,每一資料列已讀，全部 verdict NOMATCH，agree 欄均空
out/bench_pipeline_L16/bench_ot_urls.txt,6200,e6227ad10c350b31f66819953bf309be0bfdc8d56902d2312d7e1bcb72365fcd,documentation or historical text,P2-06 P2-07 P2-08,已讀全部 200 行，文件/清理輸出/診斷或歷史記錄，非獨立 protocol 實作
out/bench_pipeline_L16/bench_regex.csv,5978,2623bd1777547e897ddd31cd8a6a1a11bbf703b8e3a1cc87be5219c0e2f6d66c,historical benchmark,P1-12 P2-06,每一資料列已讀，全部 verdict NOMATCH，agree 欄均空
out/bench_pipeline_L16/id_to_action.json,3695,904da43337e395918435123e66acab76fb8d723ee712e86d50aa68faf60d1917,historical JSON,P1-09 P2-06,完整解析 200 個 ID/action 項目，未證明與編譯後 ID 同源
out/bench_pipeline_L16/pipeline_summary.json,1064,003034994abb495a20eef3a644081e4c99aefc9fc5b05c48bea7d40137836961,historical JSON,P1-10 P1-12 P2-06,完整解析 pipeline summary，交叉比對路徑、參數、states 與 binary header，歷史絕對路徑已過時
out/bench_pipeline_L20/artifacts/gdfa.bin,7958709894,not recorded for files >= 2 MB,GDFA binary,P0-01 P0-02 P1-02 P2-02,全部 body 串流重算 SHA256 與 trailer 一致，header/size 檢查完成。密碼學和語义問題見主報告
out/bench_pipeline_L20/artifacts/row_aids.bin,15180,c73ab64ea51502b11d32f3ca2cff2e7a12c8e36f46dec5bd16efb33b014ee034,GDFA sidecar,P0-02 P1-01 P1-05 P2-02,已讀完整表並驗證長度、值域、row 數及 AID 分布。sidecar 公開與 build 綁定問題見主報告
out/bench_pipeline_L20/artifacts/row_alph.bin,971520,32cac10fa381ba8439900bd113d929ddc664023cc73e386e17743353dc5922b9,GDFA sidecar,P0-02 P1-01 P1-05 P2-02,已讀完整表並驗證長度、值域、row 數及 AID 分布。sidecar 公開與 build 綁定問題見主報告
out/bench_pipeline_L20/artifacts/row_alph.json,30443,be65aede18acf1ba894b8f926e201b7e90b2fab8297a1ab66d738197d927a36e,GDFA sidecar,P0-02 P1-01 P1-05 P2-02,已讀完整表並驗證長度、值域、row 數及 AID 分布。sidecar 公開與 build 綁定問題見主報告
out/bench_pipeline_L20/bench_engine.csv,6363,1d17eca9a2dd262fc7fede6e7f63e97b8091da3a72a446cbfc7b6a6614bce91d,historical benchmark,P1-12 P2-06,每一資料列已讀，全部 verdict NOMATCH，agree 欄均空
out/bench_pipeline_L20/bench_ot_urls.txt,7000,ebd0245c6ae2cdc15f67b1b329deb2badf4835cf496534c0bc646d1eed79997a,documentation or historical text,P2-06 P2-07 P2-08,已讀全部 200 行，文件/清理輸出/診斷或歷史記錄，非獨立 protocol 實作
out/bench_pipeline_L20/bench_regex.csv,5978,df4355cbeb4f689e18915b5c6a6085a02047a01ea72bb7c4f526f5ba78326964,historical benchmark,P1-12 P2-06,每一資料列已讀，全部 verdict NOMATCH，agree 欄均空
out/bench_pipeline_L20/id_to_action.json,3695,904da43337e395918435123e66acab76fb8d723ee712e86d50aa68faf60d1917,historical JSON,P1-09 P2-06,完整解析 200 個 ID/action 項目，未證明與編譯後 ID 同源
out/bench_pipeline_L20/pipeline_summary.json,1066,67fa45d3270848ed70872fd24117bbb0fc8cf45779b57d16145dfa7f29b0b73e,historical JSON,P1-10 P1-12 P2-06,完整解析 pipeline summary，交叉比對路徑、參數、states 與 binary header，歷史絕對路徑已過時
out/bench_pipeline_L24/artifacts/gdfa.bin,9537869115,not recorded for files >= 2 MB,GDFA binary,P0-01 P0-02 P1-02 P2-02,全部 body 串流重算 SHA256 與 trailer 一致，header/size 檢查完成。密碼學和語义問題見主報告
out/bench_pipeline_L24/artifacts/row_aids.bin,18192,b92d88247fe31ec92d89d28e2e123b83ecc5ffd243925d1da38a8381ae7bea61,GDFA sidecar,P0-02 P1-01 P1-05 P2-02,已讀完整表並驗證長度、值域、row 數及 AID 分布。sidecar 公開與 build 綁定問題見主報告
out/bench_pipeline_L24/artifacts/row_alph.bin,1164288,7cb7f4125aa6ec43a75fff560c70ace1f1b62590616098af29ccb279db75114f,GDFA sidecar,P0-02 P1-01 P1-05 P2-02,已讀完整表並驗證長度、值域、row 數及 AID 分布。sidecar 公開與 build 綁定問題見主報告
out/bench_pipeline_L24/artifacts/row_alph.json,36855,9bcc5d0078978becd73a24ec658fd2248b07a3b8d2437ff2625f664642885a11,GDFA sidecar,P0-02 P1-01 P1-05 P2-02,已讀完整表並驗證長度、值域、row 數及 AID 分布。sidecar 公開與 build 綁定問題見主報告
out/bench_pipeline_L24/bench_engine.csv,6178,ebaa02919440fd81e74ee540989e4672088ef17eed59f702a4f17d438549e72b,historical benchmark,P1-12 P2-06,每一資料列已讀，全部 verdict NOMATCH，agree 欄均空
out/bench_pipeline_L24/bench_ot_urls.txt,7800,d404d88d48b43997156c11c1ce4f1720eacedd297c1159b3db8acd242087d1d6,documentation or historical text,P2-06 P2-07 P2-08,已讀全部 200 行，文件/清理輸出/診斷或歷史記錄，非獨立 protocol 實作
out/bench_pipeline_L24/bench_regex.csv,5978,892bfccd65d47f96188750b6669d3572442a77155bca33e183c1b0fe661c158f,historical benchmark,P1-12 P2-06,每一資料列已讀，全部 verdict NOMATCH，agree 欄均空
out/bench_pipeline_L24/id_to_action.json,3695,904da43337e395918435123e66acab76fb8d723ee712e86d50aa68faf60d1917,historical JSON,P1-09 P2-06,完整解析 200 個 ID/action 項目，未證明與編譯後 ID 同源
out/bench_pipeline_L24/pipeline_summary.json,1066,1f6684efe0b4ebc9398bc41506249d1c266b76b260f9d47dd0af77b0afc53cc8,historical JSON,P1-10 P1-12 P2-06,完整解析 pipeline summary，交叉比對路徑、參數、states 與 binary header，歷史絕對路徑已過時
out/bench_pipeline_L28/artifacts/gdfa.bin,11389658746,not recorded for files >= 2 MB,GDFA binary,P0-01 P0-02 P1-02 P2-02,全部 body 串流重算 SHA256 與 trailer 一致，header/size 檢查完成。密碼學和語义問題見主報告
out/bench_pipeline_L28/artifacts/row_aids.bin,21724,5b1f8c16c354101133be4d1703ebaf5f0674e84cd03d96f685436cbbd430aa31,GDFA sidecar,P0-02 P1-01 P1-05 P2-02,已讀完整表並驗證長度、值域、row 數及 AID 分布。sidecar 公開與 build 綁定問題見主報告
out/bench_pipeline_L28/artifacts/row_alph.bin,1390336,2e5d61a9a0e9b1bb1b4c424a83448fe0ef103e5dd658f06c500a89d38cbd37b5,GDFA sidecar,P0-02 P1-01 P1-05 P2-02,已讀完整表並驗證長度、值域、row 數及 AID 分布。sidecar 公開與 build 綁定問題見主報告
out/bench_pipeline_L28/artifacts/row_alph.json,43768,425f8bddc451c1b87c6b229d93e86050f5da333ae75f0a9ac3d6daae6ff5a22c,GDFA sidecar,P0-02 P1-01 P1-05 P2-02,已讀完整表並驗證長度、值域、row 數及 AID 分布。sidecar 公開與 build 綁定問題見主報告
out/bench_pipeline_L28/bench_engine.csv,6378,9ebe6399efd01a16d3f58c295eaefd3d093e66f02ce5c69c4e71cdf9d53bfeaf,historical benchmark,P1-12 P2-06,每一資料列已讀，全部 verdict NOMATCH，agree 欄均空
out/bench_pipeline_L28/bench_ot_urls.txt,8600,8d54df05272c7c4e3009e091c755b6ae7df2db529d194b0332e4ab58d8378b79,documentation or historical text,P2-06 P2-07 P2-08,已讀全部 200 行，文件/清理輸出/診斷或歷史記錄，非獨立 protocol 實作
out/bench_pipeline_L28/bench_regex.csv,5978,7244ab90ac032e26e8e5a940156111a3d3d3f0d85691a6ae2c06cdd61a03aafc,historical benchmark,P1-12 P2-06,每一資料列已讀，全部 verdict NOMATCH，agree 欄均空
out/bench_pipeline_L28/id_to_action.json,3695,904da43337e395918435123e66acab76fb8d723ee712e86d50aa68faf60d1917,historical JSON,P1-09 P2-06,完整解析 200 個 ID/action 項目，未證明與編譯後 ID 同源
out/bench_pipeline_L28/pipeline_summary.json,1067,d6b965605a2dd16eb84a9b33819feb1c531640be9833d6e4391344e918657d64,historical JSON,P1-10 P1-12 P2-06,完整解析 pipeline summary，交叉比對路徑、參數、states 與 binary header，歷史絕對路徑已過時
out/bench_pipeline_L32/artifacts/gdfa.bin,20189329518,not recorded for files >= 2 MB,GDFA binary,P0-01 P0-02 P1-02 P2-02,全部 body 串流重算 SHA256 與 trailer 一致，header/size 檢查完成。密碼學和語义問題見主報告
out/bench_pipeline_L32/artifacts/row_aids.bin,38508,2884e93deafec288d65521c1fcd3050365f073a0dadbfde1688e6e34cd14d589,GDFA sidecar,P0-02 P1-01 P1-05 P2-02,已讀完整表並驗證長度、值域、row 數及 AID 分布。sidecar 公開與 build 綁定問題見主報告
out/bench_pipeline_L32/artifacts/row_alph.bin,2464512,not recorded for files >= 2 MB,GDFA sidecar,P0-02 P1-01 P1-05 P2-02,已讀完整表並驗證長度、值域、row 數及 AID 分布。sidecar 公開與 build 綁定問題見主報告
out/bench_pipeline_L32/artifacts/row_alph.json,77503,d7678b6eef674ec8495bb602bdfbb7db39150f91d19696fc4e76c63a5ed2e1b1,GDFA sidecar,P0-02 P1-01 P1-05 P2-02,已讀完整表並驗證長度、值域、row 數及 AID 分布。sidecar 公開與 build 綁定問題見主報告
out/bench_pipeline_L32/bench_engine.csv,6378,496e8a8cdd5a8499183bda0dd20e8634aaf67e67c662070df015a50360f5777a,historical benchmark,P1-12 P2-06,每一資料列已讀，全部 verdict NOMATCH，agree 欄均空
out/bench_pipeline_L32/bench_ot_urls.txt,9400,53106383a28f9c9d94956944e3db060194c103c9addd44ad4082b27bf2d924b3,documentation or historical text,P2-06 P2-07 P2-08,已讀全部 200 行，文件/清理輸出/診斷或歷史記錄，非獨立 protocol 實作
out/bench_pipeline_L32/bench_regex.csv,5978,12fe5dfd18bd6e8688b64aa4671bcde078a88121391e4228fc752ac8c713c368,historical benchmark,P1-12 P2-06,每一資料列已讀，全部 verdict NOMATCH，agree 欄均空
out/bench_pipeline_L32/id_to_action.json,3695,904da43337e395918435123e66acab76fb8d723ee712e86d50aa68faf60d1917,historical JSON,P1-09 P2-06,完整解析 200 個 ID/action 項目，未證明與編譯後 ID 同源
out/bench_pipeline_L32/pipeline_summary.json,1067,48a03d6d7bc11b4b93c11ae8acce9f1e25f34018fb7b789c16244bdb2f63e7e9,historical JSON,P1-10 P1-12 P2-06,完整解析 pipeline summary，交叉比對路徑、參數、states 與 binary header，歷史絕對路徑已過時
out/bench_pipeline_L48/artifacts/gdfa.bin,20189329518,not recorded for files >= 2 MB,GDFA binary,P0-01 P0-02 P1-02 P2-02,全部 body 串流重算 SHA256 與 trailer 一致，header/size 檢查完成。密碼學和語义問題見主報告
out/bench_pipeline_L48/artifacts/row_aids.bin,38508,2884e93deafec288d65521c1fcd3050365f073a0dadbfde1688e6e34cd14d589,GDFA sidecar,P0-02 P1-01 P1-05 P2-02,已讀完整表並驗證長度、值域、row 數及 AID 分布。sidecar 公開與 build 綁定問題見主報告
out/bench_pipeline_L48/artifacts/row_alph.bin,2464512,not recorded for files >= 2 MB,GDFA sidecar,P0-02 P1-01 P1-05 P2-02,已讀完整表並驗證長度、值域、row 數及 AID 分布。sidecar 公開與 build 綁定問題見主報告
out/bench_pipeline_L48/artifacts/row_alph.json,77503,d7678b6eef674ec8495bb602bdfbb7db39150f91d19696fc4e76c63a5ed2e1b1,GDFA sidecar,P0-02 P1-01 P1-05 P2-02,已讀完整表並驗證長度、值域、row 數及 AID 分布。sidecar 公開與 build 綁定問題見主報告
out/bench_pipeline_L48/bench_engine.csv,6378,ecd497e180bc12cddab8419743a77fe8aa2d7348055c5ff43ab41a02f89c7e12,historical benchmark,P1-12 P2-06,每一資料列已讀，全部 verdict NOMATCH，agree 欄均空
out/bench_pipeline_L48/bench_ot_urls.txt,12600,c781818aa4843665eaa68290d5a9ec3ea298a5329fd791ae5acbe1616994a0bb,documentation or historical text,P2-06 P2-07 P2-08,已讀全部 200 行，文件/清理輸出/診斷或歷史記錄，非獨立 protocol 實作
out/bench_pipeline_L48/bench_regex.csv,5978,b9d38af884c1a08a6c5a29a7dbdf227671c348a865288b1acbbe25f59b7b9614,historical benchmark,P1-12 P2-06,每一資料列已讀，全部 verdict NOMATCH，agree 欄均空
out/bench_pipeline_L48/id_to_action.json,3695,904da43337e395918435123e66acab76fb8d723ee712e86d50aa68faf60d1917,historical JSON,P1-09 P2-06,完整解析 200 個 ID/action 項目，未證明與編譯後 ID 同源
out/bench_pipeline_L48/pipeline_summary.json,1065,d9d67acb73f217881f5a9679881481c0b290257628ec9dcefbf962d8fc983b22,historical JSON,P1-10 P1-12 P2-06,完整解析 pipeline summary，交叉比對路徑、參數、states 與 binary header，歷史絕對路徑已過時
out/bench_pipeline_L64/artifacts/gdfa.bin,26900234747,not recorded for files >= 2 MB,GDFA binary,P0-01 P0-02 P1-02 P2-02,全部 body 串流重算 SHA256 與 trailer 一致，header/size 檢查完成。密碼學和語义問題見主報告
out/bench_pipeline_L64/artifacts/row_aids.bin,51308,7f019f682f751f43f1ab5071f5af4501c77c681a4d31cb46ab37907af34c148f,GDFA sidecar,P0-02 P1-01 P1-05 P2-02,已讀完整表並驗證長度、值域、row 數及 AID 分布。sidecar 公開與 build 綁定問題見主報告
out/bench_pipeline_L64/artifacts/row_alph.bin,3283712,not recorded for files >= 2 MB,GDFA sidecar,P0-02 P1-01 P1-05 P2-02,已讀完整表並驗證長度、值域、row 數及 AID 分布。sidecar 公開與 build 綁定問題見主報告
out/bench_pipeline_L64/artifacts/row_alph.json,102900,b6ea6ebf7a04913105e3a9eabce15b9b284868e04d86d47d2e24fd6c652ab8ca,GDFA sidecar,P0-02 P1-01 P1-05 P2-02,已讀完整表並驗證長度、值域、row 數及 AID 分布。sidecar 公開與 build 綁定問題見主報告
out/bench_pipeline_L64/bench_engine.csv,6378,76b1cde88937bb87331af812ba4dd7725d67eb8f35f9d396494fbab79a7c9647,historical benchmark,P1-12 P2-06,每一資料列已讀，全部 verdict NOMATCH，agree 欄均空
out/bench_pipeline_L64/bench_ot_urls.txt,15800,7cef260d2e3aa49df908aef878f36cac9433ea54fc1935c1bb36b3f52eb15b4d,documentation or historical text,P2-06 P2-07 P2-08,已讀全部 200 行，文件/清理輸出/診斷或歷史記錄，非獨立 protocol 實作
out/bench_pipeline_L64/bench_regex.csv,5978,b16252f35984ddfc255bbe6e72cf588740724730d08d32022d248a79e64b462e,historical benchmark,P1-12 P2-06,每一資料列已讀，全部 verdict NOMATCH，agree 欄均空
out/bench_pipeline_L64/id_to_action.json,3695,904da43337e395918435123e66acab76fb8d723ee712e86d50aa68faf60d1917,historical JSON,P1-09 P2-06,完整解析 200 個 ID/action 項目，未證明與編譯後 ID 同源
out/bench_pipeline_L64/pipeline_summary.json,1065,02cb439180ae38e155d18c7af131d7312e10c1f3bafd84b01978fcaa2e79fac2,historical JSON,P1-10 P1-12 P2-06,完整解析 pipeline summary，交叉比對路徑、參數、states 與 binary header，歷史絕對路徑已過時
out/bench_pipeline_L8/artifacts/gdfa.bin,2975864862,not recorded for files >= 2 MB,GDFA binary,P0-01 P0-02 P1-02 P2-02,全部 body 串流重算 SHA256 與 trailer 一致，header/size 檢查完成。密碼學和語义問題見主報告
out/bench_pipeline_L8/artifacts/row_aids.bin,5676,8dd0247baa20db3b479746a069d2707c668285f4ef944b264d51899bc1986481,GDFA sidecar,P0-02 P1-01 P1-05 P2-02,已讀完整表並驗證長度、值域、row 數及 AID 分布。sidecar 公開與 build 綁定問題見主報告
out/bench_pipeline_L8/artifacts/row_alph.bin,363264,0780b190c3d16aa993e3c02365cf01718a337d1ae421f1b04c758751c14f3898,GDFA sidecar,P0-02 P1-01 P1-05 P2-02,已讀完整表並驗證長度、值域、row 數及 AID 分布。sidecar 公開與 build 綁定問題見主報告
out/bench_pipeline_L8/artifacts/row_alph.json,11727,4aa17a07e6b90a9cb93964ffbf9bedb200c837b15a496ca99715de3428fa89fb,GDFA sidecar,P0-02 P1-01 P1-05 P2-02,已讀完整表並驗證長度、值域、row 數及 AID 分布。sidecar 公開與 build 綁定問題見主報告
out/bench_pipeline_L8/bench_engine.csv,6178,d7f378018d46e7c215585a44c6634919b499cc8300bfea47fbc2817d81286894,historical benchmark,P1-12 P2-06,每一資料列已讀，全部 verdict NOMATCH，agree 欄均空
out/bench_pipeline_L8/bench_ot_urls.txt,4600,362f02804b52162d1f8e2a892425464f568eb058934ab69900ce4b1e2f421369,documentation or historical text,P2-06 P2-07 P2-08,已讀全部 200 行，文件/清理輸出/診斷或歷史記錄，非獨立 protocol 實作
out/bench_pipeline_L8/bench_regex.csv,5978,1d48e5a47ff1b66653d2204ce0583bf612d7048e7b166bc796a2cca9adcf6f68,historical benchmark,P1-12 P2-06,每一資料列已讀，全部 verdict NOMATCH，agree 欄均空
out/bench_pipeline_L8/id_to_action.json,3695,904da43337e395918435123e66acab76fb8d723ee712e86d50aa68faf60d1917,historical JSON,P1-09 P2-06,完整解析 200 個 ID/action 項目，未證明與編譯後 ID 同源
out/bench_pipeline_L8/pipeline_summary.json,1059,c3d8fa7e00e918e751ff20bf54e2f670f9373ab31657de24efcce0f7e3b93b84,historical JSON,P1-10 P1-12 P2-06,完整解析 pipeline summary，交叉比對路徑、參數、states 與 binary header，歷史絕對路徑已過時
out/bench_single_thread/artifacts/gdfa.bin,624381784,not recorded for files >= 2 MB,GDFA binary,P0-01 P0-02 P1-02 P2-02,全部 body 串流重算 SHA256 與 trailer 一致，header/size 檢查完成。密碼學和語义問題見主報告
out/bench_single_thread/artifacts/row_aids.bin,51308,7f019f682f751f43f1ab5071f5af4501c77c681a4d31cb46ab37907af34c148f,GDFA sidecar,P0-02 P1-01 P1-05 P2-02,已讀完整表並驗證長度、值域、row 數及 AID 分布。sidecar 公開與 build 綁定問題見主報告
out/bench_single_thread/artifacts/row_alph.bin,3283712,not recorded for files >= 2 MB,GDFA sidecar,P0-02 P1-01 P1-05 P2-02,已讀完整表並驗證長度、值域、row 數及 AID 分布。sidecar 公開與 build 綁定問題見主報告
out/bench_single_thread/artifacts/row_alph.json,102900,b6ea6ebf7a04913105e3a9eabce15b9b284868e04d86d47d2e24fd6c652ab8ca,GDFA sidecar,P0-02 P1-01 P1-05 P2-02,已讀完整表並驗證長度、值域、row 數及 AID 分布。sidecar 公開與 build 綁定問題見主報告
out/bench_single_thread/bench_engine.csv,6378,065606c33d460403b5790c1afd08576211df0e1db3e9f9e89585341ceac7a0f8,historical benchmark,P1-12 P2-06,每一資料列已讀，全部 verdict NOMATCH，agree 欄均空
out/bench_single_thread/bench_ot_urls.txt,15800,7cef260d2e3aa49df908aef878f36cac9433ea54fc1935c1bb36b3f52eb15b4d,documentation or historical text,P2-06 P2-07 P2-08,已讀全部 200 行，文件/清理輸出/診斷或歷史記錄，非獨立 protocol 實作
out/bench_single_thread/id_to_action.json,3695,904da43337e395918435123e66acab76fb8d723ee712e86d50aa68faf60d1917,historical JSON,P1-09 P2-06,完整解析 200 個 ID/action 項目，未證明與編譯後 ID 同源
out/bench_single_thread/pipeline_summary.json,1055,f2a43533e373f3bd6818347a49d24ddb03f4d3699abafc8af36d4711dc4b923d,historical JSON,P1-10 P1-12 P2-06,完整解析 pipeline summary，交叉比對路徑、參數、states 與 binary header，歷史絕對路徑已過時
out/dataset_L8_urls.clean.txt,4600,362f02804b52162d1f8e2a892425464f568eb058934ab69900ce4b1e2f421369,documentation or historical text,P2-06 P2-07 P2-08,已讀全部 200 行，文件/清理輸出/診斷或歷史記錄，非獨立 protocol 實作
out/easylist_100.clean.txt,1500,697261c8b36030f1e25f0d2b0990e63ebb9ecce9aa385a98dbb1d49375330696,documentation or historical text,P2-06 P2-07 P2-08,已讀全部 100 行，文件/清理輸出/診斷或歷史記錄，非獨立 protocol 實作
out/easylist_12.clean.txt,3400,79c7e6947f9aa637ee07946054ab3343defba6090c59e399c5986ebde4b42c30,documentation or historical text,P2-06 P2-07 P2-08,已讀全部 200 行，文件/清理輸出/診斷或歷史記錄，非獨立 protocol 實作
out/easylist_128.clean.txt,26600,e124cdee8a4aa5cf6137a9f6d0ebf873635868516d69894d84cf1c4944727217,documentation or historical text,P2-06 P2-07 P2-08,已讀全部 200 行，文件/清理輸出/診斷或歷史記錄，非獨立 protocol 實作
out/easylist_16.clean.txt,4200,8bb01c45d421ed64690dbdc804a85338282c901c75bd47ead9af15a6b3289d6c,documentation or historical text,P2-06 P2-07 P2-08,已讀全部 200 行，文件/清理輸出/診斷或歷史記錄，非獨立 protocol 實作
out/easylist_20.clean.txt,5000,9984f7ac9a159f29371865c40069ae237116f82046557f11e54f2575991f7f0a,documentation or historical text,P2-06 P2-07 P2-08,已讀全部 200 行，文件/清理輸出/診斷或歷史記錄，非獨立 protocol 實作
out/easylist_24.clean.txt,5800,0d683bc0cfffacd1e575d1b02d70fd08630872f11eb85d5db6238fce15133b7f,documentation or historical text,P2-06 P2-07 P2-08,已讀全部 200 行，文件/清理輸出/診斷或歷史記錄，非獨立 protocol 實作
out/easylist_28.clean.txt,6600,2293ff90a6186787c01ddf0c149fd2db0fbd9a10310c5dcbe6aa1750f3f2efbd,documentation or historical text,P2-06 P2-07 P2-08,已讀全部 200 行，文件/清理輸出/診斷或歷史記錄，非獨立 protocol 實作
out/easylist_32.clean.txt,7400,70baa6bc8a7be2b8b93b1c5a5111c503b608c6d75156cedbc1a063e330754efd,documentation or historical text,P2-06 P2-07 P2-08,已讀全部 200 行，文件/清理輸出/診斷或歷史記錄，非獨立 protocol 實作
out/easylist_48.clean.txt,10600,5c755f5ba31111bcbd9e298cff31980c03008238b6a26b1158ef42634ecbcc15,documentation or historical text,P2-06 P2-07 P2-08,已讀全部 200 行，文件/清理輸出/診斷或歷史記錄，非獨立 protocol 實作
out/easylist_50.clean.txt,700,cbdb9d661d22ca9295fbf43dbe8ae15644cd776822457343852374cfa9efd9ff,documentation or historical text,P2-06 P2-07 P2-08,已讀全部 50 行，文件/清理輸出/診斷或歷史記錄，非獨立 protocol 實作
out/easylist_64.clean.txt,13800,4bc78a0c853422b130477eaba2e6ee12673d6675da6825ef63387b7dd432c460,documentation or historical text,P2-06 P2-07 P2-08,已讀全部 200 行，文件/清理輸出/診斷或歷史記錄，非獨立 protocol 實作
out/easylist_8.clean.txt,2600,010d7c4b1f4c13dc770c6aea63fdeb5ba843e4d00902eda6a012678fa23d15ef,documentation or historical text,P2-06 P2-07 P2-08,已讀全部 200 行，文件/清理輸出/診斷或歷史記錄，非獨立 protocol 實作
out/id_to_action_L12.json,3695,904da43337e395918435123e66acab76fb8d723ee712e86d50aa68faf60d1917,historical JSON,P1-09 P2-06,完整解析 200 個 ID/action 項目，未證明與編譯後 ID 同源
out/id_to_action_L128.json,3695,904da43337e395918435123e66acab76fb8d723ee712e86d50aa68faf60d1917,historical JSON,P1-09 P2-06,完整解析 200 個 ID/action 項目，未證明與編譯後 ID 同源
out/id_to_action_L16.json,3695,904da43337e395918435123e66acab76fb8d723ee712e86d50aa68faf60d1917,historical JSON,P1-09 P2-06,完整解析 200 個 ID/action 項目，未證明與編譯後 ID 同源
out/id_to_action_L20.json,3695,904da43337e395918435123e66acab76fb8d723ee712e86d50aa68faf60d1917,historical JSON,P1-09 P2-06,完整解析 200 個 ID/action 項目，未證明與編譯後 ID 同源
out/id_to_action_L24.json,3695,904da43337e395918435123e66acab76fb8d723ee712e86d50aa68faf60d1917,historical JSON,P1-09 P2-06,完整解析 200 個 ID/action 項目，未證明與編譯後 ID 同源
out/id_to_action_L28.json,3695,904da43337e395918435123e66acab76fb8d723ee712e86d50aa68faf60d1917,historical JSON,P1-09 P2-06,完整解析 200 個 ID/action 項目，未證明與編譯後 ID 同源
out/id_to_action_L32.json,3695,904da43337e395918435123e66acab76fb8d723ee712e86d50aa68faf60d1917,historical JSON,P1-09 P2-06,完整解析 200 個 ID/action 項目，未證明與編譯後 ID 同源
out/id_to_action_L48.json,3695,904da43337e395918435123e66acab76fb8d723ee712e86d50aa68faf60d1917,historical JSON,P1-09 P2-06,完整解析 200 個 ID/action 項目，未證明與編譯後 ID 同源
out/id_to_action_L64.json,3695,904da43337e395918435123e66acab76fb8d723ee712e86d50aa68faf60d1917,historical JSON,P1-09 P2-06,完整解析 200 個 ID/action 項目，未證明與編譯後 ID 同源
out/id_to_action_L8.json,3695,904da43337e395918435123e66acab76fb8d723ee712e86d50aa68faf60d1917,historical JSON,P1-09 P2-06,完整解析 200 個 ID/action 項目，未證明與編譯後 ID 同源
out/id_to_action_small.json,37,e002b023277a25facc1c9af984b5c7210c1b9f8aa579994151da755d85b6ecf1,historical JSON,P1-09 P2-06,完整解析 2 個 ID/action 項目，未證明與編譯後 ID 同源
out/invalid_rules.txt,49,70ed1f172470b744a18d26f12e93ed2f454957e837f05c3e817016065aec9f62,documentation or historical text,P2-06 P2-07 P2-08,已讀全部 1 行，文件/清理輸出/診斷或歷史記錄，非獨立 protocol 實作
out/project_tree.txt,5038,c655f7759046e022ec28c196be5e533b34d12d4602ca5ac28220799dd93e43f6,documentation or historical text,P2-06 P2-07 P2-08,已讀全部 174 行，文件/清理輸出/診斷或歷史記錄，非獨立 protocol 實作
out/ra_ret_debug.txt,4633,34bf276b2c8d1a818b9880fc8adc7d3c414f0c31163065ec88b800eac42982de,documentation or historical text,P2-06 P2-07 P2-08,已讀全部 3 行，文件/清理輸出/診斷或歷史記錄，非獨立 protocol 實作
out/small.clean.txt,24,fcc64110bd5a75af43da1abb258c3baa9383ffd0f5d0450756329b6c96a7a5e9,documentation or historical text,P2-06 P2-07 P2-08,已讀全部 2 行，文件/清理輸出/診斷或歷史記錄，非獨立 protocol 實作
rules/easylist copy.txt,1837766,67a32943e3a5fb69d6d80d28124447c6fbb760e2696d868803c5cdb98a8f1426,rule or dataset,P1-06 P1-07 P1-08 P1-09 P2-06 P2-07,讀完整文字、統計規則類型與 duplicates，domain dataset 與對應規則逐項比對
rules/easylist.txt,1837766,2888c230ef758e3c5c73a867376ed379d12cd2e9d9b94551634fc60dc1a05f34,rule or dataset,P1-06 P1-07 P1-08 P1-09 P2-06 P2-07,讀完整文字、統計規則類型與 duplicates，domain dataset 與對應規則逐項比對
rules/easylist_2k.abp,39816,66d7a938e50d784d263ea767443b82a696026ff3877a5e5bd0c14dc27a3781d8,rule or dataset,P1-06 P1-07 P1-08 P1-09 P2-06 P2-07,讀完整文字、統計規則類型與 duplicates，domain dataset 與對應規則逐項比對
rules/easylist_2k.txt,813078,9ae00ae6d27b9bd46c134c6bfcc598b042c8e2de5a8c81b5f719492656b053ce,rule or dataset,P1-06 P1-07 P1-08 P1-09 P2-06 P2-07,讀完整文字、統計規則類型與 duplicates，domain dataset 與對應規則逐項比對
rules/input200/dataset/dataset_L128_urls.txt,28598,29c04a69b3c58903ec95afc469d62b9a9ea5a9a2be2042ee9cc5a8cec2ef4a41,rule or dataset,P1-06 P1-07 P1-08 P1-09 P2-06 P2-07,讀完整文字、統計規則類型與 duplicates，domain dataset 與對應規則逐項比對
rules/input200/dataset/dataset_L12_urls.txt,5398,411ee2fb56a199066960429fc8b8ce108ce1d4f7327ed66b6c287bc3982bd34a,rule or dataset,P1-06 P1-07 P1-08 P1-09 P2-06 P2-07,讀完整文字、統計規則類型與 duplicates，domain dataset 與對應規則逐項比對
rules/input200/dataset/dataset_L16_urls.txt,6198,a51c3e4f39102c980cbed0844e8cecd83ef9e368ec248e55022fcc0e2fef06d0,rule or dataset,P1-06 P1-07 P1-08 P1-09 P2-06 P2-07,讀完整文字、統計規則類型與 duplicates，domain dataset 與對應規則逐項比對
rules/input200/dataset/dataset_L20_urls.txt,6998,ac5fd40cd16e05545738873ad64f2dcdb252f8b7e251c0622c87a6e4f7d83054,rule or dataset,P1-06 P1-07 P1-08 P1-09 P2-06 P2-07,讀完整文字、統計規則類型與 duplicates，domain dataset 與對應規則逐項比對
rules/input200/dataset/dataset_L24_urls.txt,7798,431e1698d852b8abeab18de743051441a1ddae6bfd747a7e07eba2bf203f0b86,rule or dataset,P1-06 P1-07 P1-08 P1-09 P2-06 P2-07,讀完整文字、統計規則類型與 duplicates，domain dataset 與對應規則逐項比對
rules/input200/dataset/dataset_L28_urls.txt,8598,f1fc04d266a5ef0b32c45783718059728f5f9fdd6d9688e97fb22f767c9f9047,rule or dataset,P1-06 P1-07 P1-08 P1-09 P2-06 P2-07,讀完整文字、統計規則類型與 duplicates，domain dataset 與對應規則逐項比對
rules/input200/dataset/dataset_L32_urls.txt,9398,e81fe1b9b19ac3126ae1baa45a9ff1ca14e9282516b25d80372940cd8958b1ca,rule or dataset,P1-06 P1-07 P1-08 P1-09 P2-06 P2-07,讀完整文字、統計規則類型與 duplicates，domain dataset 與對應規則逐項比對
rules/input200/dataset/dataset_L48_urls.txt,12598,daca6f9a489eaa1f32145d796c947a1019f41e071f7a678b094653abcdfc481a,rule or dataset,P1-06 P1-07 P1-08 P1-09 P2-06 P2-07,讀完整文字、統計規則類型與 duplicates，domain dataset 與對應規則逐項比對
rules/input200/dataset/dataset_L64_urls.txt,15798,1916fc8be219cb4b8cd38016e05e592c5a54b2076fef1bd237164cc996f402cc,rule or dataset,P1-06 P1-07 P1-08 P1-09 P2-06 P2-07,讀完整文字、統計規則類型與 duplicates，domain dataset 與對應規則逐項比對
rules/input200/dataset/dataset_L8_urls.txt,4598,9e2db082c0a6293a927ad8ac99435f04cec3380b5a6a0d904ca3e8a15d9b5c20,rule or dataset,P1-06 P1-07 P1-08 P1-09 P2-06 P2-07,讀完整文字、統計規則類型與 duplicates，domain dataset 與對應規則逐項比對
rules/input200/easylist_12.abp,3398,4e4e2e987de31315bed0eb623d92cb655535a19e59037849f42e481e169f1981,rule or dataset,P1-06 P1-07 P1-08 P1-09 P2-06 P2-07,讀完整文字、統計規則類型與 duplicates，domain dataset 與對應規則逐項比對
rules/input200/easylist_128.abp,26598,fe6190959c11558c910cd2d5ce67bfdb13e76a3eb66f7bfa05a188a06056586f,rule or dataset,P1-06 P1-07 P1-08 P1-09 P2-06 P2-07,讀完整文字、統計規則類型與 duplicates，domain dataset 與對應規則逐項比對
rules/input200/easylist_16.abp,4198,e91d6d551a2740b9fcccc39db5a843deea47fe9ef1e6a347408c0b0d4d354d66,rule or dataset,P1-06 P1-07 P1-08 P1-09 P2-06 P2-07,讀完整文字、統計規則類型與 duplicates，domain dataset 與對應規則逐項比對
rules/input200/easylist_20.abp,4998,0eb5afa5e34b580d95910d00fd1d020ee43c65ee610f7d988073fa2b1d3816d0,rule or dataset,P1-06 P1-07 P1-08 P1-09 P2-06 P2-07,讀完整文字、統計規則類型與 duplicates，domain dataset 與對應規則逐項比對
rules/input200/easylist_24.abp,5798,39641b29dbae281fb7ea2e84b364643dbb795a7d0e2a865cf2e17cede9ad26df,rule or dataset,P1-06 P1-07 P1-08 P1-09 P2-06 P2-07,讀完整文字、統計規則類型與 duplicates，domain dataset 與對應規則逐項比對
rules/input200/easylist_28.abp,6598,2e855d26487c225a9a9717ad7b98745fcfae8c68c9d7ef05b84af70c14d1401f,rule or dataset,P1-06 P1-07 P1-08 P1-09 P2-06 P2-07,讀完整文字、統計規則類型與 duplicates，domain dataset 與對應規則逐項比對
rules/input200/easylist_32.abp,7398,0a178ebcafeb252b5830fda17c1c43ef12c9cbdd2d3a4f3a479fe5f94abeec9a,rule or dataset,P1-06 P1-07 P1-08 P1-09 P2-06 P2-07,讀完整文字、統計規則類型與 duplicates，domain dataset 與對應規則逐項比對
rules/input200/easylist_48.abp,10598,dfae36502aa68023885483ccc5729422ba7039942cc73d57f7e2fdf4c5ad08c9,rule or dataset,P1-06 P1-07 P1-08 P1-09 P2-06 P2-07,讀完整文字、統計規則類型與 duplicates，domain dataset 與對應規則逐項比對
rules/input200/easylist_64.abp,13798,03434125d157655262c4da3357156cd65e0e26b78083d3ce366575224e0b725c,rule or dataset,P1-06 P1-07 P1-08 P1-09 P2-06 P2-07,讀完整文字、統計規則類型與 duplicates，domain dataset 與對應規則逐項比對
rules/input200/easylist_8.abp,2598,2d6ea2040858aa293ebbdda54de435bdaf8f01108fefb5601477e2c9c88b7862,rule or dataset,P1-06 P1-07 P1-08 P1-09 P2-06 P2-07,讀完整文字、統計規則類型與 duplicates，domain dataset 與對應規則逐項比對
rules/small.abp,21,434b42557c5101cacc0010857f18e18003db054d494f326723b296312a7480e9,rule or dataset,P1-06 P1-07 P1-08 P1-09 P2-06 P2-07,讀完整文字、統計規則類型與 duplicates，domain dataset 與對應規則逐項比對
src/client/io/__pycache__/gdfa_loader.cpython-312.pyc,14965,39f53da0c18853ff25ae61d7a10407a931d67692268f0f53b92c6a931710f440,generated Python bytecode,P2-08,衍生快取，已讀 header 並對應 source，未反編譯
src/client/io/__pycache__/row_alph_loader.cpython-312.pyc,8211,38dc539763082f953efbc5510b77394a4470aab0cdc34e8dc3c7419183d10263,generated Python bytecode,P2-08,衍生快取，已讀 header 並對應 source，未反編譯
src/client/io/__pycache__/token_http.cpython-312.pyc,3243,ccc21d7d1664fc90aee962008cf90ba1acdd38c1c0bf7520ef09cb4bc39a0dda,generated Python bytecode,P2-08,找不到對應 source 的歷史快取，未反編譯或當作現行程式
src/client/io/gdfa_loader.py,10917,3e3ca0da6d486149f64ea642f8708634437e9e4df5c758d7b543278c426d7d50,python source,P1-03 P1-04 P2-01 P2-02,容器 body SHA256 與尺寸檢查存在。inv_permute 方向錯，完整讀入再切片複製，row_aids 缺失或尺寸錯可靜默忽略，sidecar 未綁定同一 build
src/client/io/payload_reader.py,7023,e9a269f84e08c35606ffd2090f34a7f54208b57074099dce181d69b1d6d09e36,python source,P2-07,預設 binary 讀取合理。可選文字正規化會改變 regex 語言，max_len 負值在不同入口處理不一致，此模組不是主 benchmark 的輸入入口
src/client/io/row_alph_loader.py,5713,ee8abf3cdb36fc50c0f22cb59a4a9b54639167d27b1fccd9187c4056bc1873eb,python source,P0-02 P1-01,有表長、行數與 col 範圍檢查。只支援每 state 每 byte 一個 col 的 single8 格式，將完整字元分組公開，不是 paper 的隱藏全域 Cx
src/client/offline/param_setup.py,7253,e71db42fe5fbac6e3160a298ad92c994638caf5e08f2a97cdb0a11a9bc5df6ba,python source,P1-13 P2-03,common.* 匯入路徑錯而不能載入，另有一套 SecurityParams，extension state 為占位，未完成 paper 的 setup
src/client/online/__pycache__/abp_decide.cpython-312.pyc,1521,a07e59cec92960d3ab5ba71c438ab32d50ea6fdf0018ff08555f345cd2115819,generated Python bytecode,P2-08,衍生快取，已讀 header 並對應 source，未反編譯
src/client/online/__pycache__/chooser_master.cpython-312.pyc,4314,10a6aaeae66525d3eed5db79f25eb9b08a0a5db9f38a103d51a449aa34745234,generated Python bytecode,P2-08,衍生快取，已讀 header 並對應 source，未反編譯
src/client/online/__pycache__/engine.cpython-312.pyc,22833,42eda04d72ff70133111160764e8f698b96d081003b48e3e700551bde8c238cb,generated Python bytecode,P2-08,衍生快取，已讀 header 並對應 source，未反編譯
src/client/online/__pycache__/token_http.cpython-312.pyc,5238,a1ce9b4c13aab7a0bc4e46a44f1009fb0a49a0c5c7ecbdc2c880bd9f8e7016f6,generated Python bytecode,P2-08,衍生快取，已讀 header 並對應 source，未反編譯
src/client/online/abp_decide.py,1009,3ffab0de35d591227819cb8cfc52b8484cd996038877c5a0922733b2176fc9c5,python source,P1-05 P1-09,已知 ID 的 ALLOW 優先處理合理，但只能處理上游保留下來的 IDs，未知 ID 預設 BLOCK 與 CLI 不一致
src/client/online/chooser_http.py,2887,6ef5e1109db4f56c79b206784172423f89b1200d7610416c7497236801305289,python source,P0-02 P1-13,row 與 col 明文 HTTP，端點 /ot 或 /choose_one 不同於 README server，忽略 preload 失敗，名稱不代表 cryptographic OT
src/client/online/chooser_master.py,2756,70b61e565ec7cdab9566a4cd9dc0a3b84bea4559dd6d06913f4c7c522c83b03c,python source,P0-02 P2-04,client 持有 master 或完整 key table，col 被忽略，每 row 同 key。大於 32 bytes 的擴展與 dev server 不一致
src/client/online/engine.py,19100,406109b4008cfb30304b198aa41f2a51463b965905e8b97150583f79a427efc7,python source,P0-01 P0-02 P1-03 P1-04 P1-05 P1-07 P1-11 P2-04,核心是 state-indexed table walk。沒有下一個 pad 的鏈結，解碼與 builder 不同，未驗證 zero tail，對 key 模式做寬鬆猜測，每個 prefix 輸出 ID，cache 跨輸入保留，regex fallback 的 ID 與狀態管理也不同
src/client/online/gdfa_evaluator.py,7266,f4881043a33e20989bfa202ac9950ec89be19bd4258dcf8241641ac08f9ca4c6,python source,P1-03 P1-05,舊版 BE 欄位解碼，PRG domain 與新 builder 不同，可提前停止，不是 paper 最終列輸出。synthetic test 過關不代表能解目前產物
src/client/online/ot_client.py,2470,a5741a32cdc952ef32f3807c884f141ee941d469aafec114c0c61fc7b1f86ba5,python source,P0-02 P1-13,LocalTrivialOTChooser 直接讀取全部 payload 與 server.sessions 的 seed，是同程序測試替身
src/client/online/ot_pad_oracle.py,3320,13cf2683e8cf5bcdfcc7cb9a7e8cfb6a40553182b4e14a303ff3a4a6c4ec967d,python source,P1-03 P1-13,有 zero tail 驗證方向，但沿用舊格式和 PRG domain，無法直接配目前 builder
src/client/online/ot_query_builder.py,6498,cdb7d52f4bee2fdb108f286d490cbc4fe048d7c21a44682d5aec2e4a9b16b4ad,python source,P0-01 P1-11 P1-13,以 state row_id 與 byte x 呼叫抽象 TokenSource，有 cmax*kprime 長度檢查與 LRU/batch 去重，但不是 paper 依 input position 產生加密 OT queries，也未接到主 engine
src/client/online/token_http.py,3363,23116c9155f6562f8640521514eade928eb7d8dc372fc6617f7bb962f23685d3,python source,P0-02 P2-04,README 實際 chooser，傳 row、col、master_hex，收到直接 GK。k_bytes 固定 32，統計是 HTTP JSON payload bytes
src/common/__pycache__/abp_canonicalize.cpython-312.pyc,7410,49fd0ea36aee72725bbb8a2c50949f4d037e3659ca2ddd71f630522fc71db737,generated Python bytecode,P2-08,衍生快取，已讀 header 並對應 source，未反編譯
src/common/__pycache__/urlnorm.cpython-312.pyc,3805,5468e4bc3043a9709c6c51c7e99c0d45391a45f7026025500f9e7a6dfab12313,generated Python bytecode,P2-08,衍生快取，已讀 header 並對應 source，未反編譯
src/common/abp_canonicalize.py,5028,57cfe1dc98b2f27581c2eca4f4c5530fb7684aba22117cad4d7294beab04fded,python source,P1-07 P1-08 P2-07,移除 scheme 並加入 host、separator、type、party、doc 資訊，但規則端沒有對應編碼。分隔符壓縮、port、userinfo 與 public-suffix fallback 也要明確界定語義
src/common/crypto/__pycache__/prf.cpython-312.pyc,2555,8316d92ad90500a2f341ac9ed01bceba37775cc9574671968c8fc226611ce3ce,generated Python bytecode,P2-08,衍生快取，已讀 header 並對應 source，未反編譯
src/common/crypto/__pycache__/prg.cpython-312.pyc,3252,ba69b734109ec57698d2b3160cd044f5bed6db18e4754c05939383b228c06e33,generated Python bytecode,P2-08,衍生快取，已讀 header 並對應 source，未反編譯
src/common/crypto/ddh_group.py,1819,a4add7a23891087d3ed620c6225bfcd7bf56667c46fd05c3f0d27b05928249c3,python source,P0-04 P2-03,MODP subgroup 參數及 validate_element 可用，與 paper EC P-192 不同本身不必然錯，問題是 receiver 未呼叫驗證。elt 編碼借用 q 寬度在此固定群恰好相等
src/common/crypto/hmac.py,43,a1c5b043edbe5616e4ff6f3c90c153db29e069815af4e10f5db5f14ad3dbe93a,python source,INFO,只有一行註解，沒有實作。其他模組使用標準庫 hmac，不可當成另有 HMAC 協定
src/common/crypto/prf.py,1889,2fcc81cbbf6011a43b9953211e871ce55b475a17d9f5c2b368c3672361c3de95,python source,INFO,HMAC based deterministic expansion，可作為自訂 PRF/KDF primitive。helper 名稱不代表完整標準 HKDF，不能因此繼承上層 OT 安全性
src/common/crypto/prg.py,2217,24530a002ad416c7c69f2302dce4135e96204c1373063538fb3c1eec793ccc2f,python source,P1-03,HMAC counter expansion 和 byte/bit helper 本身可理解，有 domain separation，但呼叫端的 domain 不一致
src/common/net/messages.py,9199,a4e4f8d79aabf303134c42ff4ee1316bf0e812eb37f517af88c6cc4763f2a953,python source,P1-13,DTO 與 sanity checks 多為另一版介面，from_json 不自動完成全部驗證，與 dev server 的訊息格式未接通，不能視為已實作 paper 網路流程
src/common/odfa/__pycache__/matrix.cpython-312.pyc,15147,f54b99f6ba419604446cfa2e3e3d65ec6d2e2f99390d23d59dbf90268b3b4fe1,generated Python bytecode,P2-08,衍生快取，已讀 header 並對應 source，未反編譯
src/common/odfa/__pycache__/packing.cpython-312.pyc,2621,587d2c06b94ab0d417f2411731d30c670c03e1ff264ffbd1e6ef5682579a2ce4,generated Python bytecode,P2-08,衍生快取，已讀 header 並對應 source，未反編譯
src/common/odfa/__pycache__/params.cpython-312.pyc,6462,fc643759c09b4b136f33b4825f9575b1b9989bac0cbbb0d95c553b3a83869841,generated Python bytecode,P2-08,衍生快取，已讀 header 並對應 source，未反編譯
src/common/odfa/__pycache__/permutation.cpython-312.pyc,1914,216c169701aa73dc201b88c50c260042c9c9b38a78389cb67c20261852cfeea3,generated Python bytecode,P2-08,衍生快取，已讀 header 並對應 source，未反編譯
src/common/odfa/__pycache__/seed_rules.cpython-312.pyc,1083,91cef49a04bfc5a4a400c21374bfd131d55c9a6c11535bd121356458b8bce031,generated Python bytecode,P2-08,衍生快取，已讀 header 並對應 source，未反編譯
src/common/odfa/matrix.py,11048,cc31d1e6feca492930338db49c40e8673948b32ef97e5df803bc32a5a7a9ccb5,python source,P0-01 P1-01 P1-02,DFA state-row 和 ODFA edge 結構可用，並非 n by Q matrix，dummy 是可解的 dst0 edge，與 paper random invalid entry 不同
src/common/odfa/packing.py,1727,c7a83cc4dc5a732914e8fbdaff94c25450c5494ed891bf60926f1da55aa8b8ac,python source,P1-02 P1-03,把 outmax*kprime 當成單一 transition 的總位數，與矩陣 cell / entry 的分層混淆
src/common/odfa/params.py,5231,a38a18d7c19f4ab839baf81b3177a9cd5badc5226c136163141eb2c2c915cb68,python source,P1-01 P1-02,kprime 沒有依 2k+ceil(logQ) 推導，cmax<=alphabet 限制不符合全域群定義，packing 中 outmax 導致 builder 重複放大
src/common/odfa/permutation.py,1136,ccb744e929701665da0eae05e6a5c9bd1889c4e8576d21b7a890fdba4e607117,python source,P1-04,Fisher-Yates 的 16-bit random modulo 有偏，超過 65536 state 無法均勻選擇，inverse_perm 未驗證唯一性
src/common/odfa/seed_rules.py,698,5a436216860b0ce169d4e236b7c6387c74842ab56ce286b88b04fb730b6f584f,python source,P0-01 P1-11,GK、row、col 的 deterministic seed helper 在現行 builder/engine 路徑可一致，但不是 paper 的 fresh position-state pad chaining
src/common/ot/base_ot2/ddh_ot.py,3248,1ab4ff923f2012a10f0fb820b0402c69db3d875ca5cda9e63faafeff70a9c1da,python source,P0-04,sender 有 B subgroup 驗證，receiver 沒有 A 驗證，A=p-1 能從公開 B 分辨 choice，已重現
src/common/ot/base_ot2/iknp_extention.py,5451,fd2ac262d874ee34fc6c17315030c32976d9786bd6065534facaacf57a1f4311,python source,P2-03,backend=iknp 實際 fallback DirectOTExtension，每個 transfer 重新做 DDH，沒有真正 IKNP、matrix transpose 或 malicious extension proof
src/common/ot/ot_1of256.py,2103,e02693ed80ab4e1394b78c055fe1b1c1dbbbd169401a8d84d0f11ae17f1bffbb,python source,P0-03 P2-03,1-of-m wrapper，功能可選對一筆，但繼承 XOR 組合洩漏，service 在本地可見，不是 README 網路路徑
src/common/ot/ot_1ofm.py,7252,f4ca39f16470fb33318476c5eea056c6b7e7939d3d52c453a673684de25bef9f,python source,P0-03,各 bit seed 的 PRF XOR 未把完整 message index 納入 domain，四筆 ciphertext XOR 直接等於 plaintext XOR，零 OT query 即洩漏關係
src/common/urlnorm.py,2675,eb7d290ff4d4c38fa786499b5863e3ea0a247c4e0a4625dde3fa8f81b311c96d,python source,P1-07 P2-07,legacy URL/HTTP 正規化會去除 scheme，與 domain regex 的 :// 不一致，host split colon 不能正確處理 IPv6 與部分 userinfo/port 情境
src/common/utils/__pycache__/checks.cpython-312.pyc,5379,e9a4a524b8362a2e1555b4768afad63c3f69fc3374814a9c8855c671de860af1,generated Python bytecode,P2-08,衍生快取，已讀 header 並對應 source，未反編譯
src/common/utils/__pycache__/encode.cpython-312.pyc,8012,de8ba5032da84cb9a27dea1af0dcf103333db8c363068977f913438e0e3f2f26,generated Python bytecode,P2-08,衍生快取，已讀 header 並對應 source，未反編譯
src/common/utils/checks.py,3428,9dcaf055c77ab7ee3146ccbf171f9715c35546690554ec78410c3edfa13f0e2a,python source,INFO,通用 bytes、範圍及 XOR 檢查，未發現足以單獨改變 paper 語義的問題，上層仍須實際呼叫並檢查協定 invariant
src/common/utils/encode.py,5868,7e16370506091837613eb99fb94846d51971941eaa11b8fbfd7687700b3971f0,python source,INFO,整數與 bytes 編碼 helper 有明確 endian 參數，問題在各上層使用不同欄位布局，不能靠此檔單独解決
src/scripts/build_gdfa_offline.py,12042,ab5fc1ef67ff922e08528e446d6f36546a6dbd8e6604f7e7f487c7e84b5ea27e,python source,P1-10 P1-13 P2-01,另一條 builder，保存全部 rows，OFFLINE key domain 與其他入口不同，若不保存 secrets 無法重建 random pads，聲稱隱藏 permutation 但 public header 仍包含
src/scripts/easylist_make_smallset.py,6255,7d5ef0a07c9db26a2b5dd738d12d441b9f01ef1e0d7219ae106c5f1dc8f42f2d,python source,P1-08 P2-07,subset filtering 與正負樣本 heuristic，ads 的 negative 是 adsx 而仍命中，domain rule 的 path/option 條件未完整建模
src/scripts/easylist_smallset_to_rules.py,2869,7d1dda17cd9c9dcc878ddcc6b58ffa228a49faacb9c04d2948bd133fc540d39e,python source,P1-06 P1-13 P2-07,輸出 .rules 與目前 loader 不相容，含不支援的 regex escape，HTTP Host 與 request path 順序假設不符一般 request，從正例反推規則會改變原語義
src/server/io/__pycache__/easylist_loader.cpython-312.pyc,5267,29f843d7b11e768d14f7203507b80aeff977d2b6ab28a6f36c04cf8329b04904,generated Python bytecode,P2-08,衍生快取，已讀 header 並對應 source，未反編譯
src/server/io/__pycache__/rule_loader.cpython-312.pyc,6770,c36d2ac03a0ff7602cae98cc6eb4d6df331cc2e8f892107eb3c73db6e177d018,generated Python bytecode,P2-08,衍生快取，已讀 header 並對應 source，未反編譯
src/server/io/easylist_loader.py,4043,b4166bfb0c297e6fc81ce476bb53fd66f8ae589808e149fd7eefeb026ab7ab71,python source,P1-07 P1-08,簡化 EasyList-to-regex，domain rule 期待原始 scheme，wildcard/anchor/separator/options/cosmetic/regex 不完整，不是 ABP parser
src/server/io/rule_loader.py,6474,88a9e8b756f20498dce9c70abbdda8a9c237764c4e728756bbb5ee048b71b562,python source,P1-09 P1-13,轉 RuleSpec 時丟 action、label，每檔 attack_id 重新从 1 開始，flags 型別與 downstream 不一致，只接受 .abp/.txt 而非 Snort .rules
src/server/offline/__pycache__/build_gdfa_from_rules.cpython-312.pyc,21661,7f60e7c9f622c105a19dc8d2cc530c32527ae7879fcbf88ef1ef379bbcf58724,generated Python bytecode,P2-08,衍生快取，已讀 header 並對應 source，未反編譯
src/server/offline/__pycache__/dfa_combiner.cpython-312.pyc,6246,bac4a6626658b42063a71d3736396713ef20f46987761144884c2a02bd619ed6,generated Python bytecode,P2-08,衍生快取，已讀 header 並對應 source，未反編譯
src/server/offline/__pycache__/gdfa_builder.cpython-312.pyc,11260,c13eb2c442317ba9a6b181bb6f49456904d9fc7577627187bc7f6a3113aa43b4,generated Python bytecode,P2-08,衍生快取，已讀 header 並對應 source，未反編譯
src/server/offline/__pycache__/key_generator.cpython-312.pyc,5701,d7f54fa3ddd87ee6fa2d9405dbe137e1f081f7032fe910edaeea0c4fe5d3ff47,generated Python bytecode,P2-08,衍生快取，已讀 header 並對應 source，未反編譯
src/server/offline/build_gdfa_from_rules.py,16906,c802489c25b77db63b871120426d412cd3a884ad1b80b4072d9211ed392b8074,python source,P1-01 P1-09 P1-10 P1-13,另一套編譯及 GK 輸出入口，cmax=1 被誤稱 faithful，fallback AID 探測與實際結構不完全對應，主 README 未使用此入口，輸出的 GK 應限定 server 所有
src/server/offline/dfa_combiner.py,5715,f6ad03794645728f9d0bd58b18fe5acfbcd73a3bf0785d5c8763cd2a518c05ff,python source,P1-06 P1-09,DFA union 和 tagged minimization 有實作，不應因空 minimization.py 判定全無最小化。multiprocessing 對 RegexFlags 的 coercion 會改變語義，沒有完整 Snort content/pcre parser
src/server/offline/dfa_optimizer/__pycache__/char_grouping.cpython-312.pyc,5884,412637101635250730e213089ffba2a6a5ada568b2d6ebb5e69eb4c6583042c8,generated Python bytecode,P2-08,衍生快取，已讀 header 並對應 source，未反編譯
src/server/offline/dfa_optimizer/__pycache__/sparsity_analysis.cpython-312.pyc,4116,ad2a5483da47001edf6c3441a89064eeb669d65e02983bdc3b48916e4f67c12e,generated Python bytecode,P2-08,衍生快取，已讀 header 並對應 source，未反編譯
src/server/offline/dfa_optimizer/char_grouping.py,4377,f5dd1e49b079447ab0d2ac00262f1a9384c95257dee981e3b1ec5c54202180c9,python source,P1-01,每 state 依相同 destination 分組這部分合理，卻把每 byte 在單列唯一群誤認為 paper cmax=1
src/server/offline/dfa_optimizer/minimization.py,0,e3b0c44298fc1c149afbf4c8996fb92427ae41e4649b934ca495991b7852b855,python source,INFO,空檔案，真正 minimization 在 regex_to_dfa/chain_rules 中，此檔不提供額外演算法
src/server/offline/dfa_optimizer/sparsity_analysis.py,2927,74e9956e89c619adcbc32031b819e39db2b7a86075862f5f589be9171aee9d96,python source,P1-01,out-degree 統計可用，suggest_cmax 硬設 1 沒有建立全域 groups 或統計 Cx
src/server/offline/export/__pycache__/gdfa_packager.cpython-312.pyc,7997,c9029a6e3872c6daa6e280730e93e24ad53409fa471e0776a9becc277b22ff08,generated Python bytecode,P2-08,衍生快取，已讀 header 並對應 source，未反編譯
src/server/offline/export/gdfa_packager.py,4868,65ac47ebee966dbf73e923dc6fc38fb3ebc46ebf106e10036c6a76f933f73b42,python source,P2-01 P2-02,容器有固定 header/body/trailer 格式與 body hash，卻 list(rows) 再 join 耗記憶體，sidecar 缺少同一 build 的 manifest 綁定，舊 sidecar 可能殘留
src/server/offline/gdfa_builder.py,10367,98188c57ef8811de493b3f91fa8ad3a04c7a375ed0957b7e40ab8f5dd05a69e2,python source,P0-01 P1-02 P1-03 P1-04 P1-05,只有 state-indexed table，一層 per-entry PRG XOR，無 n、group-key inner layer、next pad、每位置 permutation、cell shuffle。bit packing 和消費端不同
src/server/offline/key_generator.py,5121,088e3fb25549855865e7efc3d8fe6e2c39d33e44c4e1baf6c7d95618b19eb81f,python source,P0-01 P1-10 P1-11,每 row/col 的 PRF derivation 與主 chooser 的 row-only derivation 是不同設計，沒有 input position freshness 或 next-pad 生成
src/server/offline/rules_to_dfa/__pycache__/chain_rules.cpython-312.pyc,12960,ab77c4bc7e3d722078af97260866cc56130e4ce97fd9ea99cff03e976e255828,generated Python bytecode,P2-08,衍生快取，已讀 header 並對應 source，未反編譯
src/server/offline/rules_to_dfa/__pycache__/regex_to_dfa.cpython-312.pyc,27903,4cabb6cfc3dcd9204c2ae81e7bcd0937ba8fb5e3e41d661999c0fd39d5d62899,generated Python bytecode,P2-08,衍生快取，已讀 header 並對應 source，未反編譯
src/server/offline/rules_to_dfa/chain_rules.py,11435,b122a4373c515904aa79ac0bf0e2d6707f75c05578d834491ff5eef427b29d0a,python source,P1-05 P1-06 P1-09,union 和保留 tag set 的 minimization 合理，轉 ODFA 時 min(tag) 丟掉 ALLOW 可能性，edge AID 使用 source state，RuleSpec 無 action metadata
src/server/offline/rules_to_dfa/regex_to_dfa.py,18059,586287b2d43ba6e0bb0d95f34daff58f7113b33a2432274b420a83abd445c293,python source,P1-05 P1-06,Thompson NFA、subset construction、minimization 存在，但 exact repeat、negated class ignore-case、anchor、escape、Unicode、search semantics 不正確，edge AID 是 source state
src/server/online/gk_loader.py,1370,95086b53403a49b5713cb05fddaf3459fc8e33fe20b5133c370f5820dbdb7f6c,python source,P2-02,檢查 key table 長度，但未驗證 metadata 的 SHA，無法保證選到與 GDFA 同版 key material
src/server/online/handler.py,3147,d68341302ef50eb5623db619b17fa6cb19c088311cf634cf9a0dfde8994dcff1,python source,P0-02 P1-10 P1-13,依賴 manifest 的另一 server API，主 builder 未產生所需 manifest，row payload 直接包含所有 GK，session 與 offline random key material 缺乏一致生命周期
src/server/online/ot_response_builder.py,5082,a24134b4f4d50d3267ddc1dfae1a7a2d60df930c947c19787a28e9da566237fc,python source,P0-02 P1-13,row alphabet 與 payload builder 可做本地模擬，但暴露整列 GK，respond_with_ot1ofm 呼叫不存在的 sender.send，舊测试所需三個 exports 已不存在
src/server/online/session_manager.py,4660,7fe949e6ce7ba8acee326de87da6f7ace08c0318182b1f72c4f2291377efb090,python source,P1-10 P1-11,session ID 與 TTL 有管理，master derivation 未包含 sid，兩個不同 session 同 keys，random 模式又未和既有 GDFA 綁定
src/server/ot/__pycache__/dev_ot_server.cpython-312.pyc,5966,3d430bb65216b27e2da5057e54a98e601df13297a5fc8c4a9ad8ffb5a699aaed,generated Python bytecode,P2-08,衍生快取，已讀 header 並對應 source，未反編譯
src/server/ot/dev_ot_server.py,3411,06310a96ed05de889a4502ec4fc927a34e8f95c16ffdd517abe8bc4851de78fd,python source,P0-02 P1-11 P2-04,README server 是明文開發服務，start 忽略狀態，choose 忽略 col，接受 client master override，無 input-position OT 或 choice quota
src/test/integration/test_end_to_end.py,0,e3b0c44298fc1c149afbf4c8996fb92427ae41e4649b934ca495991b7852b855,python source,P2-05,0 bytes，沒有 end-to-end 測試
src/test/unit/test_evaluator.py,0,e3b0c44298fc1c149afbf4c8996fb92427ae41e4649b934ca495991b7852b855,python source,P2-05,0 bytes，沒有測試
src/test/unit/test_gdfa_builder.py,0,e3b0c44298fc1c149afbf4c8996fb92427ae41e4649b934ca495991b7852b855,python source,P2-05,0 bytes，沒有測試
src/test/unit/test_offline_gdfa.py,3588,3d3bfe6aa06eb289cd0066571055847ca41fd838779337e3b0e48e95d9eee894,python source,P1-13 P2-05,執行失敗，從 gdfa_builder 匯入不存在的 ODFAEdge，尚未走到 offline 正確性 assertions
src/test/unit/test_online_eval.py,3666,286d07efe49973457a9eae7872ec811217c658a3cc892049edb2568841742c65,python source,P2-05,main 執行通過，但自己製作舊格式密文與 FakeOracle，沒有串目前 builder 或真實 OT
src/test/unit/test_online_ot_eval.py,5376,02e2754a4b579d9674a18198c164389e087ba3613b1ba40a7dff5a3f06f45f08,python source,P1-13 P2-05,執行失敗，從 ot_response_builder 匯入不存在的 RowAlphabet/build_row_ot_plan/make_row_ot_sender
src/test/unit/test_ot.py,7345,4cae5040e95355b3e895ff8dd44e6219087ba01d09de9e62d5629ae9b6e62415,python source,P0-03 P0-04 P2-05,main 所有功能測試通過，涵蓋 bytes/ints/256/batch/direct，但不測未選訊息關係或惡意 sender choice privacy
src/test/unit/test_sparsity_analysis.py,0,e3b0c44298fc1c149afbf4c8996fb92427ae41e4649b934ca495991b7852b855,python source,P2-05,0 bytes，沒有測試
tools/__pycache__/build_artifacts_direct.cpython-312.pyc,35624,5777c6cf6ecd60a443f4616fa6e7a22a08fd3791c8ac51a4e2d5c0e6cd804950,generated Python bytecode,P2-08,找不到對應 source 的歷史快取，未反編譯或當作現行程式
tools/__pycache__/run_dfa_with_abp.cpython-312.pyc,15532,628fe44b2777cb72f182c3ec0b695d309569fcecb7ea9e61430b8727fc122a87,generated Python bytecode,P2-08,衍生快取，已讀 header 並對應 source，未反編譯
tools/bench_all.py,11027,ea58267ca10f9220f549ea383867a1d2bce2b1142010ff5a921de8aebccd29cb,python source,P1-10 P1-12 P2-06,build 输出 outdir/artifacts，engine cfg 卻仍讀 artifacts/Lx，無 key bridge，subprocess wall time 包入初始化/warmup/輸出及 regex baseline，不能當 paper online 時間
tools/bench_ot.py,4173,35206bf3366a657e05b5495b3d642c98c7ba1b7d21a04a2bdec023be86ecca4c,python source,P1-11 P1-12,初始化一次，warmup 後只清統計不清 GK cache，input encoding 與 bench_zids 不同，量的是 HTTP 開發 chooser
tools/bench_zids.py,6987,ea1248551832e9a36ce9e6dd2c09ebb94065d04609f85a05eaba34fb2d55d0de,python source,P1-07 P1-12,先做 ABP canonicalization，每次 eval 又初始化 engine，單樣本 percentile 會失敗，both mode 的 mutually exclusive CLI 與所需參數矛盾
tools/build_artifacts.py,29180,0194e683e1bf4df217057ffc6d277bdc95edb94f2c5c323dcd490c2bf22ddb18,python source,P1-05 P1-09 P1-10 P2-01,主 builder 會 prefilter/sanitize 丟 flags/action 與重新編號，預設 random pads 沒有 online key export，permute=False，多種 fallback 及重複編譯使 provenance 不明確
tools/build_from_easylist.py,4016,fb05b69194a5edad8df6472f8d418f159dd281cc937463e247e67d20f0415f0b,python source,P1-13,多處舊 API 不相容，parse_easylist 接收 file object 而需 path，RuleSpec/return arity/keyword/packager/seed helper 呼叫不符
tools/dfa_mat.py,178,26114be650a07138c40a272aac917c7ad0da15e373f84e3faeb3e15863aafb8c,python source,P2-08,頂層載入 artifacts/gdfa.bin 的三行診斷 script，非 paper DfaMat 演算法，匯入時會讀大檔
tools/eval_urls.py,1993,dcb133b319eb8f3c745bb3dd7ac1a2bbc4a0a8016762a187f77e2ff8809bf3f9,python source,P1-07 P1-13,建立 LocalTrivialOTChooser 時缺必要 seed_k_bytes，依賴不存在的預設 manifest/產物命名，normalization 路徑與現行 engine 不一致
tools/export_id_to_action.py,1148,7e48b47a4c966fd5120dd0ddbb452ff8b4b9a48e9c1832eeee78c64ef35b32c7,python source,P1-09,按原始文字行編 ID，略過規則的条件不同於 compiler，無法在 prefilter 後保證 ID 指向同一條規則
tools/ot_healthcheck.py,2834,f1999bdb32aeb3b29817434c5d5264340eb1fb2363cb760a9d40dcee67456794,python source,P1-13,舊 port/schema/HMAC domain，期待 session/k_bytes/items/payload_hash 與 dev server 不符，沒有真正 OT 檢查且 request 無 timeout
tools/run_dfa_with_abp.py,9408,4f3284f5fa4c15bbe0c25e2f164ddff9e25cf5c23badd37278a6d5c9abd1d937,python source,P1-09 P1-12,每 eval 有 cfg 就重新 init，未知 ID 丟棄而不是 library 預設 BLOCK，ABP action 決策建立在已被上游丟失/重排的 metadata 上
